Location Name,Frequency
"California, USA",1668
,1250
"Alaska, USA",957
"Hawaii, USA",510
"Nevada, USA",272
"Texas, USA",180
"Vancouver, British Columbia",141
"Oklahoma, USA",133
"Calgary, Alberta",111
"El Paso, España",102
"Montana, USA",92
"Villa de Mazo, España",92
"Danville, CA",91
"Los Angeles, CA",90
"Toronto, Ontario",86
"Utah, USA",82
"Nairobi, Kenya",77
"Melbourne, Victoria",75
"Virginia, USA",74
"Washington, DC",69
"San Francisco, CA",68
"Idaho, USA",68
"Manhattan, NY",65
"Sydney, New South Wales",62
"Memphis, TN",55
"Florida, USA",54
"Ottawa, Ontario",53
"Washington, USA",53
"Ishøj, Danmark",53
"Yorkshire and The Humber, England",51
"Oakland, CA",45
"Iowa, USA",45
"Edmonton, Alberta",43
United States,43
"Georgia, USA",42
"Accra, Ghana",42
"Missouri, USA",40
"Houston, TX",39
Croatie,39
"New Delhi, India",38
"Glasgow, Scotland",37
"Costa, Puerto Rico",37
"Chicago, IL",36
"East, England",35
"Arizona, USA",35
"Brooklyn, NY",34
"Kampala, Uganda",31
"Arkansas, USA",31
"Pennsylvania, USA",30
"Wyoming, USA",30
"Charlotte, NC",30
"Winnipeg, Manitoba",29
"Brisbane, Queensland",29
"Philadelphia, PA",27
"Mumbai, India",27
"Boston, MA",26
"Miami, FL",26
Myanmar,26
"Ensenada, Baja California",25
"North Carolina, USA",25
"Yukon, Unorganized, Yukon",25
"Western, Kenya",25
"Austin, TX",24
"Kelowna, British Columbia",24
"Kolkata, India",24
"Kansas, USA",24
"South West, England",23
"Oregon, USA",23
"San Diego, CA",23
"Dublin City, Ireland",23
"Tennessee, USA",22
"Atlanta, GA",22
"East Midlands, England",22
"San Antonio, TX",22
"Surrey, British Columbia",22
"Adelaide, South Australia",21
"Camberwell, London",21
"Montréal, Québec",21
"Detroit, MI",21
"Berkeley, CA",20
"South Carolina, USA",20
"Abbotsford, British Columbia",20
"Scarborough, England",20
"Chittagong, Bangladesh",20
"Portland, OR",19
"Quito, Ecuador",19
"Fuencaliente de la Palma, España",19
"Colorado, USA",18
"Scotland, United Kingdom",18
"London, England",18
"Richmond, London",18
"Bengaluru South, India",18
"Chilliwack, British Columbia",18
"Mississauga, Ontario",17
"Birmingham, England",17
"Fingal, Ireland",17
"Auckland, New Zealand",17
"Saanich, British Columbia",17
"Michigan, USA",17
"Lambeth, London",17
"Pica, Chile",17
"El Cerrito, CA",17
"Wellington City, New Zealand",16
"Canberra, Australian Capital Territory",16
"Lusaka, Zambia",16
"Edinburgh, Scotland",16
"Taupo District, New Zealand",16
"Fountain Hills, AZ",16
Nepal,16
"Eaubonne, France",16
"Ohio, USA",16
"Hyderabad, India",16
"Winston-Salem, NC",16
"Port Victoria, Kenya",16
"Pastaza, Peru",16
"Queens, NY",15
"Denver, CO",15
"Corman Park No. 344, Saskatchewan",15
"St Louis, MO",15
"Burnaby, British Columbia",15
"Calama, Chile",15
"Gold Coast, Queensland",15
"Perth, Western Australia",15
"West Midlands, England",15
"Miami Beach, FL",15
"Guwahati, India",15
"Seattle, WA",14
Fiji,14
"South East, England",14
"Fort Worth, TX",14
"Punjab, Pakistan",14
"Dhaka, Bangladesh",14
"Paradise, NV",14
"Hayward, CA",14
"Mission, British Columbia",14
"Haverhill, East",14
"Lewisham, London",13
"Victoria, British Columbia",13
"Galway, Ireland",13
"Richmond, British Columbia",13
"New Westminster, British Columbia",13
Islamic Republic of Iran,13
"Regina, Saskatchewan",13
"Nashville, TN",13
"San Ramon, CA",13
"Phoenix, AZ",12
"Dubai, United Arab Emirates",12
"Long Beach, CA",12
"Islington, London",12
Malawi,12
"Victoria, Australia",12
"Durham, NC",12
"Mexicali, Baja California",12
"Halifax, Nova Scotia",12
"New York, USA",12
"Chennai, India",12
"Kamloops, British Columbia",11
India,11
"Bristol, England",11
"Wales, United Kingdom",11
"Sacramento, CA",11
"Cork, Ireland",11
"Manchester, England",11
"Salta, Argentina",11
"New Haven, CT",11
"Bengaluru, India",11
Puerto Rico,11
"Cape Town, South Africa",11
"New Orleans, LA",11
"Fraser-Fort George E, British Columbia",11
"Walnut Creek, CA",11
"Lahore, Pakistan",11
"Poplar, London",11
Papua New Guinea,11
"Morinville, Alberta",10
"Central Region, Singapore",10
"Cardiff, Wales",10
"Columbus, OH",10
"Minnesota, USA",10
"Johannesburg, South Africa",10
"Southampton, England",10
"Minneapolis, MN",10
"Rajendra Nagar, India",10
"Salt Lake City, UT",10
"Reading, England",10
"Boca, Puerto Rico",10
"Dallas, TX",10
Bulgarie,10
"Leeds, England",10
"Bhubaneshwar, India",10
"Tallaboa Poniente, Puerto Rico",10
"Barranca, Peru",10
"New South Wales, Australia",9
"Bromley, London",9
"Dar es Salaam, Tanzania",9
"Dun Laoghaire-Rathdown, Ireland",9
"Greater Madawaska, Ontario",9
"Belfast, Northern Ireland",9
"Milton, Ontario",9
"Victor Harbor - Goolwa, South Australia",9
"Saskatoon, Saskatchewan",9
"Islamabad, Pakistan",9
"Moreno Valley, CA",9
"Wexford, Ireland",9
"Hackney, London",9
"Sholinganallur, India",9
"Hay Point, Queensland",9
"Anchorage, AK",9
"Düzce Merkez, Düzce",9
"Tottenham, London",9
"Barina, Puerto Rico",9
"Bronx, NY",9
"Fort Tondiarpet, India",9
"Köprüköy, Erzurum",9
"Croydon, London",9
澳門,9
"North East, England",9
"Maryland, USA",8
"Scottsdale, AZ",8
"San Jose, CA",8
"Berlin, Germany",8
"Greater Vancouver, British Columbia",8
"Kensington, London",8
"Nottingham, England",8
"Boise, ID",8
"Camden Town, London",8
"Xinjiang, People's Republic of China",8
"Alabama, USA",8
South Africa,8
"Arlington, VA",8
"Orlando, FL",8
Trinidad and Tobago,8
"Richmond, VA",8
"Santiago del Estero, Argentina",8
"North Vancouver, British Columbia",8
Jamaica,8
"Ikeja, Nigeria",8
Haiti,8
"Saltillo, Puerto Rico",8
"Thousand Oaks, CA",8
"Davenport, IA",8
"North West, England",8
"Fresno, CA",8
"Bolton, England",7
"Wandsworth, London",7
"Candelaria, Colombia",7
"Guelph, Ontario",7
"Tucson, AZ",7
"Walthamstow, London",7
"Sunshine Coast, Queensland",7
"Oxford, England",7
"Brussels, Belgium",7
"Sandton, South Africa",7
"Sheffield, England",7
"Raleigh, NC",7
"Cuttack, India",7
"Ontario, CA",7
"Hucknall, England",7
"Stockport, England",7
"Harare, Zimbabwe",7
"Wisconsin, USA",7
Bahamas,7
"Oklahoma City, OK",7
"Shanghai, People's Republic of China",7
Ancienne République yougoslave de Macédoine,7
"Cambridge, England",7
"Alameda, CA",7
"Honolulu, HI",7
"Lagos, Nigeria",7
"Kentucky, USA",7
Botswana,7
"Admaston/Bromley, Ontario",7
"Delaware, USA",7
"Kensington, CA",7
"Santa Rosa, CA",7
"Jonesboro, AR",7
"Ealing, London",7
"Port Coquitlam, British Columbia",7
"Paliki, Greece",7
"Indianapolis, IN",7
"Tamil Nadu, India",7
"Hamilton, Ontario",7
Azerbaijan,7
Republic of the Philippines,7
"Endon, England",7
"Makueni, Kenya",7
"Bridlington, England",7
"San Fernando, CA",7
"Τολοφώνα, Ελλάς",7
"Anacortes, WA",6
"Connecticut, USA",6
"Irvine, CA",6
"Pleasanton, CA",6
"Townsville, Queensland",6
"West Virginia, USA",6
Somalia,6
"Haveli, India",6
"Fontana, CA",6
"Chatham, MA",6
"Southport, England",6
"Ilford, London",6
"Jurupa Valley, CA",6
"Maine, USA",6
"Illinois, USA",6
Lao People's Democratic Republic,6
"Newcastle Upon Tyne, England",6
"Barcelona, Spain",6
"Birkenhead, England",6
"Henderson, NV",6
"City of London, London",6
"Salford, England",6
"Baltimore, MD",6
"Centurion, South Africa",6
"Middlesbrough, England",6
"Mill Valley, CA",6
"Hadano-shi, Kanagawa",6
"Markham, Ontario",6
"Limerick, Ireland",6
"Redlands, CA",6
"Bickington, England",6
"Noida, India",6
"Lincoln, NE",6
"Fort Myers, FL",6
"Reno, NV",6
"Karayazı, Erzurum",6
"Puri, India",6
"Port St Lucie, FL",6
"Jodhpur, India",6
"Nerima-ku, Tokyo",6
"गुवाहाटी, भारत",6
"Hayathnagar, India",6
"Virginia Beach, VA",6
"Parguera, Puerto Rico",6
"Walsall, England",6
"Carson, CA",6
"Trujillo, Colombia",6
"Bellingham, WA",5
"Milton Keynes, England",5
"Frontenac Islands, Ontario",5
"Gurgaon, India",5
"Massachusetts, USA",5
"Brighton, England",5
"South Dublin, Ireland",5
"Kapiti Coast District, New Zealand",5
"Cheadle, England",5
"West Hollywood, CA",5
"Burlington, Ontario",5
"Brookline, MA",5
"London, Ontario",5
"Roseville, CA",5
"Kitchener, Ontario",5
"Iowa City, IA",5
"Peterborough, Ontario",5
"Pacifica, CA",5
"Newmarket, Ontario",5
"Riverside, CA",5
"Anaheim, CA",5
"Cowichan Valley B, British Columbia",5
"Milwaukee, WI",5
神奈 秦野市,5
"Mobile, AL",5
"Stockholm, Sweden",5
"Jersey City, NJ",5
Barbados,5
"Nanaimo, British Columbia",5
"Nyali, Kenya",5
"Puerto Rico, USA",5
"Malmo, Sweden",5
"Gümüşova, Düzce",5
"Tulsa, OK",5
"Dundee, Scotland",5
"Redding, CA",5
"Salinas, CA",5
"Concord, CA",5
"Maryland Heights, MO",5
"Bartlett, TN",5
"Paris, France",5
"Mylapore Tiruvallike, India",5
"Tuscaloosa, AL",5
"White Plains, NY",5
"Eugene, OR",5
"Saidapet, India",5
"Hull, England",5
"Arvada, CO",5
"West Palm Beach, FL",5
"Cape Coral, FL",5
"Palm Springs, CA",5
"Montalva, Puerto Rico",5
"Sharjah, United Arab Emirates",5
"Perambur Purasavakam, India",5
"Ladera Heights, CA",5
"Himachal Pradesh, India",5
"Haora, India",5
"Coquitlam, British Columbia",5
"Davao City, Davao Region",5
Tajikistan,5
"Staten Island, NY",5
"Eastern, Kenya",5
"Athi River, Kenya",5
"Guizhou, People's Republic of China",5
"Blida                                                                                               , Algeria",5
"Egmore Nungambakkam, India",5
"Sandsend, England",5
"København, Danmark",5
"Chazuta, Peru",5
"Whitby, England",5
"Los Llanos de Aridane, España",5
Chile,5
"Chino Hills, CA",5
"Papua, Indonesia",5
"Bloomsburg, PA",5
"Palermo, Sicily",5
Namibia,4
"Randburg, South Africa",4
"Wicklow, Ireland",4
"Newport, RI",4
Sri Lanka,4
"Rome, Lazio",4
"Kansas City, MO",4
"Tampa, FL",4
"Buffalo, NY",4
Israel,4
"Edmond, OK",4
"Bath, England",4
"Leicester, England",4
"Plano, TX",4
"Capital, British Columbia",4
"Mississippi, USA",4
"Loppersum, Nederland",4
"Cross Lanes, WV",4
"Franklin Park, NJ",4
"Overland Park, KS",4
"Lochgilphead, Scotland",4
"Rift Valley, Kenya",4
"Boldon, England",4
Iraq,4
"Brent, London",4
"Ahmadabad City, India",4
"Nanaimo A, British Columbia",4
"St. John's, Newfoundland and Labrador",4
"Barnet, London",4
"College Station, TX",4
"Cambridge, MA",4
جمهوری اسلامی ایران,4
"Kingston upon Thames, London",4
"Montgomery, AL",4
"Elsene, België",4
"Fort Wayne, IN",4
"Kimberley, England",4
Afghanistan,4
"Taipei City, Taiwan",4
"New Territory, TX",4
"İstanbul, Türkiye",4
"Durham, England",4
"Berlin, Deutschland",4
"Schaarbeek, België",4
"Liverpool, England",4
"Topçular, Çilimli",4
Cyprus,4
"San Juan, Puerto Rico",4
"Villas, FL",4
"York, England",4
"Frisco, TX",4
"Canmore, Alberta",4
"Germantown, MD",4
"Copenhagen, Denmark",4
"Wheaton, MD",4
"San Lorenzo, CA",4
"Dublin, CA",4
"Napa, CA",4
"Byker, England",4
"Pittsburgh, PA",4
"Tacoma, WA",4
"Panvel, India",4
"Deltona, FL",4
"Eloy Alfaro, Ecuador",4
"Sechelt, British Columbia",4
"Makati City, National Capital Region",4
"Hounslow, London",4
"Swansea, Wales",4
"Norwich, England",4
"Colesville, MD",4
"British Columbia, Canada",4
"Worcester, MA",4
"Andhra Pradesh, India",4
"Tirupati, India",4
"Juba, Central Equatoria",4
"Delta, British Columbia",4
"South Riding, VA",4
"Pondicherry, India",4
"Paddington, London",4
"Falmouth, England",4
"Cleveland, OH",4
"Greensboro, NC",4
"Rajasthan, India",4
"Joliet, IL",4
"Barnsley, England",4
"Chino, CA",4
"Simi Valley, CA",4
"Bishop, CA",4
"Silver Spring, MD",4
"Breña Alta, España",4
"Abuja, Nigeria",4
"San Marcos, TX",4
"Siliguri, India",4
"Yucaipa, CA",4
"Karnataka, India",4
"Kerala, India",4
"South Shields, England",4
"Gastonia, NC",4
"Guayaquil, Ecuador",4
"Nobol, Ecuador",4
"Titusville, FL",4
"Madhya Pradesh, India",4
"Midrand, South Africa",4
"East Ham, London",4
"Springfield, MA",4
"Indian River Estates, FL",4
"Cincinnati, OH",4
"San Bernardino, CA",4
"Puerto Plata, Dominican Republic",4
"Pune, India",4
"Ramara, Ontario",4
"Rancho Cucamonga, CA",4
"Princeton, NJ",4
"Oak Bay, British Columbia",4
"Στράτος, Ελλάς",4
"Jalpaiguri, India",4
"Suan Luang, Thailand",4
"Kericho, Kenya",4
"Staithes, England",4
"View Park-Windsor Hills, CA",4
"Messenger Bay, NY",4
"Chauvé, France",4
"Riosucio, Colombia",4
"San Isidro, Davao Region",4
"Tolofona, Greece",4
"Kildare, Ireland",3
"Belton, MO",3
"Dothan, AL",3
"Lafayette, CA",3
"Delmar, NY",3
"Reston, VA",3
"Highview, KY",3
"Salem, OR",3
"Lenexa, KS",3
"Giza, Egypt",3
"Congleton, England",3
Republic of Mozambique,3
"Colorado Springs, CO",3
"Benito Juárez, Quintana Roo",3
"Spokane, WA",3
"Redmond, WA",3
Brunei,3
"Long Stratton, England",3
"Creech Saint Michael, England",3
"Monteagudo, España",3
"Marsh Baldon, England",3
"Bury Saint Edmunds, England",3
"Tasmania, Australia",3
"Palm Desert, CA",3
"Newton, MA",3
"Akron, OH",3
"Clarksville, TN",3
"Truth or Consequences, NM",3
"Torrance, CA",3
Ethiopia,3
"Bradford, England",3
"Geneva, Switzerland",3
Malta,3
"Karachi, Pakistan",3
"Sindh, Pakistan",3
"Washington, NJ",3
"Chester, England",3
"Moscow, Russia",3
"Macclesfield, England",3
United States Capitol,3
"Central Kootenay F, British Columbia",3
"Exeter, England",3
"Medicine Hat, Alberta",3
"Pamenang, Indonesia",3
"Sidney, British Columbia",3
"Stirling, Scotland",3
"Bagnall, England",3
"Chula Vista, CA",3
"Guelph/Eramosa, Ontario",3
"Lanark Highlands, Ontario",3
"Kaanapali, HI",3
"Chico, CA",3
"Central Coast, New South Wales",3
"Prince George, British Columbia",3
"Ankeny, IA",3
"Manasquan, NJ",3
"Cherry Valley, CA",3
"Boulder, CO",3
"Shoreline, WA",3
"Everett, WA",3
"Oceanside, CA",3
"Mkhambathini, South Africa",3
"Çilimli, Düzce",3
"Lethbridge, Alberta",3
"Gölyaka, Düzce",3
"Vernon, British Columbia",3
"Doha, Qatar",3
"Manicaland, Zimbabwe",3
"Sichuan, People's Republic of China",3
"Tecate, Baja California",3
"Albuquerque, NM",3
"Quezon City, National Capital Region",3
"Fredericton, New Brunswick",3
"Shimla, India",3
"Cedar Rapids, IA",3
"Oakington, England",3
"Boca Raton, FL",3
"Castro Valley, CA",3
"San Leandro, CA",3
"Emeryville, CA",3
"Antioch, CA",3
"Bull Mountain, OR",3
"Romford, London",3
"Carlton, England",3
Ukraine,3
"Northern Ireland, United Kingdom",3
Gambia,3
"Auburn, IN",3
"Ocala, FL",3
"Kennett, MO",3
"Evansville, IN",3
"Poplar Bluff, MO",3
"Carenero, Puerto Rico",3
"Olive Branch, MS",3
"Pretoria, South Africa",3
"Strabane, Northern Ireland",3
"Peterborough, England",3
"Tallinn, Estonia",3
"Jujuy, Argentina",3
"Kullu and Manali, India",3
"Kuching, Sarawak",3
"Petawawa, Ontario",3
"Kapaau, HI",3
"San Dimas, CA",3
"Vishakhapatnam, India",3
"Las Vegas, NV",3
"Longford, Ireland",3
"Annapolis, MD",3
"Owatonna, MN",3
"Hillingdon, London",3
"Rutherford, NJ",3
"Langley, British Columbia",3
"Silchar, India",3
"North Cowichan, British Columbia",3
"Kumasi, Ghana",3
"Tororo, Uganda",3
"Cornwall, Ontario",3
"Al Seeb, Oman",3
"Coimbatore, India",3
"Lake Ridge, VA",3
"Nettuno, Lazio",3
"Sligo, Ireland",3
"Jackson, MS",3
"Sileby, England",3
"Asheville, NC",3
Rwanda,3
"Newport, England",3
"Agoura Hills, CA",3
"Brush, CO",3
"Wakiso, Uganda",3
Iceland,3
東京 杉並区,3
"Rhode Island, USA",3
"Beech Grove, IN",3
"Ghent, Belgium",3
"Providence, RI",3
"Lemmon Valley, NV",3
"Isidro Ayora, Ecuador",3
"Nacogdoches, TX",3
"Vermont, USA",3
"Nagoya City Naka Ward, Aichi",3
"Mount Vernon, WA",3
"Worthing, England",3
"Shamboyacu, Peru",3
"Philomath, OR",3
"Blanshard, Manitoba",3
"Spruce Grove, Alberta",3
"White City, FL",3
"Acharya Institute,",3
ישראל,3
"Dover, England",3
"Rancho San Diego, CA",3
"Santa Fe, NM",3
"Lafayette, LA",3
"Gunnedah, New South Wales",3
"Petaluma, CA",3
"Louisville, KY",3
"Cuddapah, India",3
"Waterford, Ireland",3
"Vijayawada, India",3
"Усть-Большерецкий район, Камчатская область",3
"Sitka, AK",3
"Jaipur, India",3
"North-west Frontier, Pakistan",3
"Central, Kenya",3
"Καστέλλι, Ελλάς",3
"Liberty, SC",3
"Wichita, KS",3
"Auburn, WA",3
"Morehead City, NC",3
"Kakamega, Kenya",3
"Valderrobres, España",3
"Glen Ridge, NJ",3
"St Petersburg, FL",3
"Agartala, India",3
"Kalna, India",3
"Aizawl, India",3
Canowindra,3
"Valdivia, Colombia",3
"New Mexico, USA",3
"Νίκος Καζαντζάκης, Ελλάς",3
"Van Merkez, Van",3
"Brantford, Ontario",3
"Sétif                                                                                              , Algeria",3
Glimkara Weaving Studio,3
"Brewerton, NY",2
République du Rwanda,2
"Mission Viejo, CA",2
"Waipa District, New Zealand",2
"Bonaire, Sint Eustatius and Saba",2
Panama,2
"Seaforth, England",2
"Naivasha, Kenya",2
"Seabreeze, FL",2
"Mombasa, Kenya",2
"Cairns, Queensland",2
"North Richland Hills, TX",2
"Richmond Hill, Ontario",2
"Australian Capital Territory, Australia",2
"Coast, Kenya",2
"Nakuru, Kenya",2
"Merton, London",2
"Ingliston, Scotland",2
"Holly Springs, NC",2
"Horsforth, England",2
"Merrifield, VA",2
"Southall, London",2
"Fort Smith, AR",2
"West Vancouver, British Columbia",2
"Ibadan, Nigeria",2
"New Hampshire, USA",2
"Tyler, TX",2
"Guilford, CT",2
"Harrietville, Victoria",2
"Biddulph, England",2
"Olympia, WA",2
"Alexandria, VA",2
"Sunshine Parkway, FL",2
"Newcastle, New South Wales",2
"Flagstaff, AZ",2
"Medford, MA",2
"Altadena, CA",2
"Greenville, SC",2
"South Los Angeles, Los Angeles",2
"Ashland, CA",2
"Arcata, CA",2
"Matamata-Piako District, New Zealand",2
"Steamboat Springs, CO",2
"Broxbourne, East",2
"Fort St. John, British Columbia",2
"Nabadwip, India",2
"Landover, MD",2
"Bangor, Northern Ireland",2
"Clackamas, OR",2
"Sunrise Manor, NV",2
"Federal Way, WA",2
"Potomac, MD",2
"Tempe, AZ",2
"Chapel Hill, NC",2
"Bulle, Switzerland",2
"Pinebrook, England",2
"Mukilteo, WA",2
"Laois, Ireland",2
"Street, England",2
"Tanah Abang, Indonesia",2
"Plymouth, England",2
"Dunfermline, Scotland",2
"Chivenor, England",2
"Chicopee, MA",2
"Belleville, Ontario",2
"Renfrew, Scotland",2
"Thornliebank, Scotland",2
"Newburn, England",2
"Sioux Falls, SD",2
"Bettendorf, IA",2
"Tallahassee, FL",2
"Saint Helier, Bailiwick of Jersey",2
"Granbury, TX",2
"Grande Prairie, Alberta",2
"Texas City, TX",2
"Beijing, People's Republic of China",2
"Ranchi, India",2
"Towson, MD",2
"Littleton, CO",2
"Narita-shi, Chiba",2
"Salt Creek Commons, IN",2
"Varennes, Québec",2
"Godalming, England",2
"Falls Church, VA",2
"Maitland (NSW), New South Wales",2
"Dorking, South East",2
"The Hague, The Netherlands",2
"El Paso, TX",2
"Amherst, NY",2
"Holden, MA",2
"Bordeaux, France",2
Belize,2
"Gladstone, Queensland",2
"Jeffersonville, IN",2
"Marlborough District, New Zealand",2
"Kanagawa-ken, Japan",2
"Bellevue, NE",2
"Mercer Island, WA",2
"Alhambra, CA",2
"Jammu, Jammu & Kashmir, India",2
"Turku, Finland",2
"Cleland, Scotland",2
"Portsmouth, England",2
"Hammersmith, London",2
"Frome, England",2
"Frankfurt am Main, Deutschland",2
Liberia,2
"Kenilworth, England",2
Kyrgyzstan,2
"Toowoomba, Queensland",2
"Risley, England",2
"Loughton, East",2
"Saint Helens, England",2
"Leamington Spa, England",2
"Kaneohe, HI",2
"Four Corners, FL",2
"Guisborough, England",2
"Modesto, CA",2
"Euless, TX",2
"Front Royal, VA",2
"Bellevue, WA",2
"Mesquite, TX",2
"Moraga, CA",2
"Fremont, CA",2
"Union City, CA",2
"Fullerton, CA",2
"Sunnyvale, CA",2
"Lewisville, TX",2
"Vacaville, CA",2
"Richmond, CA",2
"Turlock, CA",2
"Mayo, Ireland",2
"Ajax, Ontario",2
"Blaby, England",2
"Louisiana, USA",2
"Antofagasta, Chile",2
"Ames, IA",2
"Sutton, London",2
"Karlsruhe, Germany",2
"Menlo Park, CA",2
"Coral Gables, FL",2
"Whistler, British Columbia",2
"North Cape May, NJ",2
"Ballwin, MO",2
"Monroe, LA",2
"Little Rock, AR",2
"Fort Collins, CO",2
"Uttar Pradesh, India",2
"Joplin, MO",2
"Cairo, Egypt",2
"Hockessin, DE",2
"Madrid, Spain",2
"Urbana, IL",2
"Alafaya, FL",2
Bosnia and Herzegovina,2
"Up Holland, England",2
"Newport, Wales",2
"Bucharest, Romania",2
"Hamilton, Scotland",2
"Bay Harbor Islands, FL",2
"Omaha, NE",2
Bangladesh,2
Guatemala,2
"Benllech, Wales",2
"Ghaziabad, India",2
"Fayetteville, NC",2
"Lancaster, England",2
"Marion, IA",2
"Frankfurt on the Main, Germany",2
"Ciudad Arce, El Salvador",2
"North Saanich, British Columbia",2
"Carleton Place, Ontario",2
"Waterloo, Ontario",2
"Salem, India",2
"Meath, Ireland",2
"Brownsville, TX",2
"Blackwood, NJ",2
"Langford, British Columbia",2
"Fort Lauderdale, FL",2
"Παραμυθιά, Ελλάς",2
"Μολοσσοί, Ελλάς",2
Yemen,2
"Bozeman, MT",2
"Thunder Bay, Ontario",2
"Girona, España",2
"Irving, TX",2
"West Lafayette, IN",2
"Folkestone, England",2
"Lynden, WA",2
"Yellowknife, Northwest Territories",2
"St Paul, MN",2
"Bentonville, AR",2
Bruin Theater,2
"Sun City, AZ",2
"Breda, Nederland",2
"Victoria Island, Nigeria",2
"Colwood, British Columbia",2
"Chuo-ku, Tokyo",2
"South Shore, England",2
"Downham Market, England",2
"Newton Mearns, Scotland",2
"Samsen Nok, Thailand",2
"Esher, South East",2
"Bhiwani, India",2
"Stephenville, Newfoundland and Labrador",2
"Παλική, Ελλάς",2
"Lamu, Kenya",2
"Pasadena, CA",2
"McKee City, NJ",2
"Fort Atkinson, WI",2
Walajabad,2
"Royal Palm Beach, FL",2
"Grapevine, TX",2
"Kamloops 1, British Columbia",2
"Macon, GA",2
"Bournemouth, England",2
"Vero Beach, FL",2
"Karlsruhe, Deutschland",2
"Greendale, IN",2
"Eagle River, AK",2
"Singleton, New South Wales",2
"Roanoke, VA",2
"Castlewood, CO",2
"Seymour Creek 2, British Columbia",2
"Poole, England",2
"Lafayette, IN",2
"Canterbury, England",2
"Glenarden, MD",2
"Maumelle, AR",2
"Shinjuku-ku, Tokyo",2
"Portland (NSW), New South Wales",2
"St George, UT",2
"Minnetonka, MN",2
"Papillion, NE",2
"Melbourne, FL",2
"Medchal, India",2
"Minatitlán, Veracruz de Ignacio de la Llave",2
"Naini Tal, India",2
"Amiens, France",2
"Greenwood, IN",2
"İzmir, Türkiye",2
"Leland, NC",2
"Rawalpindi, Pakistan",2
"Musselburgh, Scotland",2
"Charlottetown, Prince Edward Island",2
"Anantapur, India",2
"Gelsenkirchen, Germany",2
"Bridgeport, CT",2
Belton Woods Hotel Grantham,2
"Oro Valley, AZ",2
"Nailsea, England",2
"Oshkosh, WI",2
"Goulburn, New South Wales",2
"Rancho Viejo, TX",2
"Lochawe, Scotland",2
"Gardena, CA",2
"Stroudsburg, PA",2
"Bathurst, New South Wales",2
"La Habra Heights, CA",2
"Ludhiana, India",2
"Billingham, England",2
"Vellore, India",2
Chili,2
"ठाणे, भारत",2
Украина,2
"Madrid, España",2
"Lindsborg, KS",2
"Maharashtra, India",2
The Greek Campus,2
"Forest Acres, SC",2
"Zephyrhills, FL",2
"Cedar Park, TX",2
"Dalby, Queensland",2
"Corpus Christi, TX",2
"Stevenage, East",2
"Sao Paulo, Brazil",2
"Knoxville, TN",2
"Cape Breton, Nova Scotia",2
"Danville, VA",2
"West Warwick, RI",2
"Palandöken, Erzurum",2
"Sarıkamış, Kars",2
"Salinas, Puerto Rico",2
"Matlock, England",2
"Matabeleland North, Zimbabwe",2
"Saint Clements, Bailiwick of Jersey",2
"Halton Hills, Ontario",2
"Maynard, MA",2
"Milan, Lombardy",2
"Almere, Nederland",2
"Thompson-Nicola B (Thompson Headwaters), British Columbia",2
"Caledonia, MN",2
"Indiana, USA",2
"St. Catharines, Ontario",2
"Greater Vancouver A, British Columbia",2
"Santa Monica, CA",2
"Cranston, RI",2
"Los Llanos de Aridane, Espagne",2
"Division No.  2, Alberta",2
"Hunters Creek, FL",2
"Sipirok, Indonesia",2
"Missouri City, TX",2
"Wollstonecraft, Sydney",2
"Coventry, England",2
Biratnagar,2
"Luddenden, England",2
"Paisley, Scotland",2
"Portland, ME",2
"Batudaa, Indonesia",2
"Findlay, OH",2
Honduras,2
"Santa Rosa Valley, CA",2
"Nagpur, India",2
"Himachal Pradesh, Inde",2
"Budapest, Hungary",2
"Palm Harbor, FL",2
"Pickering, Ontario",2
"Millcreek, UT",2
"Jacksonville Beach, FL",2
"Sioux City, IA",2
"White Rock, British Columbia",2
"West Region, Singapore",2
"Los Cabos, Baja California Sur",2
"Jefferson City, MO",2
"Richmond, KY",2
"Yelahanka Area, Bengaluru",2
"Santa Barbara, CA",2
"Overland, MO",2
"Boynton Beach, FL",2
"Sunny Isles Beach, FL",2
"West Valley City, UT",2
"Stockton, CA",2
"Laredo, TX",2
"Tema, Ghana",2
"Tustin, CA",2
"Davis, CA",2
"Southern, Zambia",2
"Hawaï, USA",2
"High Wycombe, England",2
Bolivia,2
"San Marcos, CA",2
"São Paulo, Brasil",2
"La Romana, Dominican Republic",2
"San Rafael del Yuma, Dominican Republic",2
"Makurdi, Nigeria",2
"Gütersloh, Deutschland",2
"Los Vilos, Chile",2
"Poland, OH",2
"Garston, England",2
"Pflugerville, TX",2
"Aguas Buenas, Puerto Rico",2
"Huachac, Peru",2
"Mount Laurel, NJ",2
"Stockbridge, GA",2
"Talladega, AL",2
"Henfield, England",2
"Almondsbury, England",2
Bhutan,2
"Greenacres, FL",2
"Brant, Ontario",2
"Clare, Ireland",2
"Aylesbury, England",2
"Lake Oswego, OR",2
Ohlone Trail,2
"Kapalua, HI",2
"Tahsis, British Columbia",2
"Goodyear, AZ",2
"Kirkland, NC",2
"Florence, AL",2
"Cardiff, NJ",2
"El Paso, Espagne",2
"Baie-James, Québec",2
"Maitland, FL",2
"Tripura, India",2
Siliguri Town,2
"Digha, India",2
India Bangladesh Border,2
"Navi Mumbai, India",2
"Cowichan Valley D, British Columbia",2
"Jamshedpur, India",2
"Balochistan, Pakistan",2
"Pasig City, National Capital Region",2
"उत्तर प्रदेश, भारत",2
Tunisie,2
"Αρκαλοχώρι, Ελλάς",2
"Loughborough, England",2
"Columbus, GA",2
Republika ng Pilipinas,2
"Encarnación, Puerto Rico",2
"Tauranga City, New Zealand",2
"Al Mahboula, Kuwait",2
"Chengalpattu, India",2
"Zionsville, IN",2
"Ithaca, NY",2
"Chachas, Peru",2
"Scone, New South Wales",2
"Klickkumcheen 18, British Columbia",2
"Bury, England",2
"Lucknow, India",2
Maldives,2
"Marton, England",2
"Livonia, MI",2
"Pine Hills, FL",2
Papouasie-Nouvelle-Guinée,2
"Lancaster, TX",2
"South Dakota, USA",2
"Longaví, Chile",2
"Sault Ste. Marie, Ontario",2
"Upland, CA",2
"Cebu City, Central Visayas",2
"Southland District, New Zealand",2
"Miches, Dominican Republic",2
"Colchester, England",2
"Machala, Ecuador",2
"Jeddah, Kingdom of Saudi Arabia",2
"Hoima, Uganda",2
"Leyland, England",2
"Mijas, Espagne",2
Sutherland Shire,2
"Corvallis, OR",2
"Swanscombe, South East",2
"Campbell River, British Columbia",2
"Loma Linda, CA",2
"Lakeville, MN",2
"Crayford, London",2
"Tijuana, Baja California",2
"Bryan, TX",2
"Hove, England",2
Didsbury Mosque & Islamic Centre,2
"Ponneri, Tamil Nadu",2
"Northfield, MN",2
"San Isidro, Rehiyon ng Davao",2
"Panabo, Davao Region",2
"María Elena, Chile",2
"Albany, CA",2
"Bornova, İzmir",2
Republic of Croatia,2
"Taltal, Chile",2
"Londonderry, Northern Ireland",2
"Kasumigaura-shi, Ibaraki",2
茨城 かすみがうら,2
Saint Lucia,1
Scottish Event Campus (SEC),1
"Barcelone, Espagne",1
"Wilton No. 472, Saskatchewan",1
"Chihuahua, México",1
"Eldon No. 471, Saskatchewan",1
"Land O' Lakes, FL",1
"Essen, Germany",1
"Wädenswil, Schweiz",1
"Enugu, Nigeria",1
"San Andrés Cholula, Puebla",1
"Broulee - Mossy Point, New South Wales",1
"Abingdon, VA",1
"Lund, Sverige",1
"Wauconda, IL",1
"Pant, England",1
"Athens, Ontario",1
"Dunning, Scotland",1
"Numazu-shi, Shizuoka",1
"Gosport, England",1
"Southgate, MI",1
"Eastvale, CA",1
"Central & Western District, Hong Kong",1
"Yorba Linda, CA",1
"Farragut, TN",1
"Huai Sak, Thailand",1
"Silver Lake, FL",1
"Chandigarh, India",1
"Saint-Lazare, Québec",1
"Ocean Springs, MS",1
"Galveston, TX",1
"Ratsada, Thailand",1
"Minnehaha, WA",1
"Rio de Janeiro, Brazil",1
"Blindenmarkt, Österreich",1
"South Charleston, WV",1
"Rosedale, MD",1
"Hitchin, England",1
"Bojongpicung, Indonesia",1
"Zürich, Schweiz",1
"Wangen (SZ), Schweiz",1
"Trenton, OH",1
"Redcar, England",1
"Daskroi, India",1
"Hatfield, England",1
"Sint-Joost-ten-Node, België",1
"Greenwich, London",1
"Likoni, Kenya",1
"Maryport, England",1
"Los Gatos, CA",1
"Happy Valley, OR",1
"King's Lynn, England",1
"Wymondham, England",1
"East Los Angeles, CA",1
"Göttingen, Germany",1
"Southend-on-Sea, East",1
"Kingsbridge, England",1
"Cascais, Portugal",1
"Prestatyn, Wales",1
"Florida City, FL",1
"Huyton-with-Roby, England",1
"Kalamazoo, MI",1
"Chappaqua, NY",1
"West Bridgford, England",1
"Kidlington, England",1
"Brookfield, IL",1
"Horsham, England",1
"Reading, PA",1
"Kinna, Kenya",1
"Mission Canyon, CA",1
"French Valley, CA",1
"Carrboro, NC",1
"Dollar, Scotland",1
"Kessingland, England",1
"Leipzig, Germany",1
"Lurgan, Northern Ireland",1
"Wauwatosa, WI",1
"Dyserth, Wales",1
"Bristol, RI",1
Metcalf Trustee Center,1
"DeBary, FL",1
"Boston, England",1
"Arden-Arcade, CA",1
"Drumheller, Alberta",1
"Ashford, England",1
"Pembroke Pines, FL",1
"Dutse, Nigeria",1
"Lahaina, HI",1
"Lincoln Park, Chicago",1
"New London, CT",1
"Vestal, NY",1
"Ardeşen, Rize",1
"Darwin, Northern Territory",1
"Manchester, CT",1
"West Milford, NJ",1
"Maidenhead, South East",1
"José Azueta, Guerrero",1
"Hartley Wintney, England",1
"San Rafael, CA",1
"Seaside, OR",1
"Bedum, Nederland",1
"Groningen, Nederland",1
"Wailea, HI",1
"Appleton, WI",1
"Reisterstown, MD",1
"Fairfield, OH",1
石川 金沢市,1
"Khayelitsha, South Africa",1
"Westland, MI",1
"Amityville, NY",1
"High River, Alberta",1
"Dana Point, CA",1
"Broomfield, CO",1
"North Miami Beach, FL",1
"Guildford, England",1
"South Gate, CA",1
"Chevy Chase, MD",1
"South Venice, FL",1
"Camarillo, CA",1
"Simsbury, CT",1
"St. Albert, Alberta",1
"Bijapur, India",1
"Catbalogan City, Eastern Visayas",1
"Shotton, Wales",1
"Imphal West I, India",1
"Burke, VA",1
"Vaals, Nederland",1
"Cambuslang, Scotland",1
Seaside Green Lantern Kava Bar,1
"Snowtown, South Australia",1
"Innsbruck, Österreich",1
"Higashikurume-shi, Tokyo",1
"Forest Hills, MI",1
"Blyth, England",1
National Waterfront Museum,1
"Hanoi, Vietnam",1
"Bhiwadi, India",1
"Luling, LA",1
"Peel, Isle of Man",1
"Abertridwr, Wales",1
"Nether Wallop, England",1
"Labrador City, Newfoundland and Labrador",1
"Oporto, Portugal",1
"Cabanes, España",1
"Torreblanca, España",1
"Mystic, CT",1
"Suita-shi, Osaka",1
"Newark, OH",1
"Largo, MD",1
"Beeston, England",1
"Doncaster, England",1
"Garland, TX",1
"Tighnabruaich, Scotland",1
"أبوظبي, الامارات العربية المتحدة",1
"El Dorado Hills, CA",1
"Hartshill, England",1
"Sound Beach, NY",1
"Dixon, CA",1
"Loftus, England",1
"Yarmouth, Nova Scotia",1
"Woods Hole, MA",1
"Abu Dhabi, United Arab Emirates",1
"Merrick, NY",1
The Gateway,1
"Mascouche, Québec",1
"Uppsala, Sverige",1
"Conway, AR",1
"Sarasota, FL",1
"Hot Springs, AR",1
"Bridge of Don, Scotland",1
"Pallathur, India",1
"Ardlussa, Scotland",1
"Addison, TX",1
"Hallandale Beach, FL",1
"Cuauhtémoc, Distrito Federal",1
"Hattiesburg, MS",1
"Ciudad Autónoma de Buenos Aires, Argentina",1
"Hinton, Alberta",1
"Willingboro, NJ",1
"Lebanon, TN",1
"St Albans, VT",1
"Midland, TX",1
"Greater Noida, India",1
New London Architecture,1
Albania,1
"Windsor, CO",1
"Stainforth, England",1
"Campbell, CA",1
"Fairburn, GA",1
"Midlands, Zimbabwe",1
"Sandy, UT",1
"Tokyo-to, Japan",1
Sarasota Honey Company,1
"Westminster, CO",1
"Voi, Kenya",1
"Upper Darby, PA",1
"Myrtle Beach, SC",1
"Hospitalet de Llobregat, Spain",1
"Kawasaki-shi Saiwai-ku, Kanagawa",1
"Langa, South Africa",1
"Guanacaste, Costa Rica",1
"Jacob-Bellecombette, France",1
"Springdale, AR",1
"Santa Fe, Argentina",1
"North Charleston, SC",1
"Beverly Hills, MI",1
"Ναύπακτος, Ελλάς",1
"Shibuya-ku, Tokyo",1
"Warfield, British Columbia",1
"Billings, MT",1
North Toronto Collegiate Institute,1
"Donegal, Ireland",1
"Key West, FL",1
"North St Paul, MN",1
"Torremolinos, Spain",1
"Cheektowaga, NY",1
"Hamburg, NY",1
"Alaşehir, Türkiye",1
"New Britain, CT",1
"Sandusky South, OH",1
"New Braunfels, TX",1
"Dalton, MI",1
"Longlaketon No. 219, Saskatchewan",1
"Annandale, VA",1
"Belmont, MA",1
"Rhinelander, WI",1
The Grocer’s Table,1
"Motherwell, Scotland",1
Saint Martin,1
"Holbrook, MA",1
"Herndon, VA",1
"Providencia, Chile",1
"Redlands, CO",1
"Norman, OK",1
"Bridgeton, NC",1
"Bidar, India",1
"Valle Vista, CA",1
"Arial, SC",1
"Santa Teresa, NM",1
"Terrace, British Columbia",1
"Lincoln, CA",1
"Las Condes, Chile",1
"Chorley, England",1
"Akasia, South Africa",1
"Chirkunda, India",1
"Cutler, FL",1
"Koblenz, Deutschland",1
"Mount Lebanon, PA",1
"Tuktoyaktuk, Northwest Territories",1
"Foothills No. 31, Alberta",1
"Mesa, AZ",1
Parliament of Malaysia,1
"West Lake Sammamish, WA",1
"Orchards, WA",1
"Forks, WA",1
"West Valley, WA",1
"Dera Ismail Khan, Pakistan",1
"Beaverton, OR",1
République centrafricaine,1
"Kisumu, Kenya",1
"Huntington Beach, CA",1
"Steeple Aston, England",1
"North Puyallup, WA",1
"Ruthin, Wales",1
"Florin, CA",1
"Málaga, España",1
"Silver Lake, NC",1
"Mandera, Kenya",1
"Redwood City, CA",1
"Helsinki, Finlandia",1
"Berkhamsted, England",1
"Weymouth, England",1
"Ichikawa-shi, Chiba",1
"Colunga, España",1
"Rhos-on-Sea, Wales",1
"West Meath, Ireland",1
Kirghizistan,1
"Arnhem, Nederland",1
"Appleby-in-Westmorland, England",1
"Odiham, England",1
W5 - Interactive Discovery Centre,1
"Oak Creek, WI",1
"Derince, Kocaeli",1
"Yaka, Cumayeri",1
"East Millcreek, UT",1
"St Augustine South, FL",1
"Queens, Nova Scotia",1
"Eastleigh, England",1
"Traverse City, MI",1
"Pietermaritzburg, South Africa",1
"Gloucester, MA",1
"Orhaneli, Bursa",1
"Stony Plain, Alberta",1
"Lovanio, Belgio",1
"Hendek, Sakarya",1
"Wimborne Minster, England",1
"Ronkonkoma, NY",1
"Tårnby, Danmark",1
"Florence, Tuscany",1
"ประชาธิปัตย์, ประเทศไทย",1
"College Park, MD",1
"Sorigny, France",1
"Dibrugarh, India",1
"Malton, England",1
"Annan, Scotland",1
"Nunthorpe, England",1
"Stoughton, MA",1
"Salalah, Oman",1
"Icklingham, England",1
"Kenora, Ontario",1
"Leduc, Alberta",1
"Hindley, England",1
"Pasco, FL",1
"Wantage, England",1
"Hinckley, England",1
"Charleston, WV",1
"Willamina, OR",1
"Kawartha Lakes, Ontario",1
"South Bend, IN",1
The Hayes Conference Centre,1
"Baton Rouge, LA",1
"Danielson, CT",1
"Dover, Newfoundland and Labrador",1
"Huddersfield, England",1
"Pamukova, Sakarya",1
"Bolu Merkez, Bolu",1
"Coral Springs, FL",1
"Fort Saskatchewan, Alberta",1
"East Hartford, CT",1
"Trento, Trentino-South Tyrol",1
"Crays Hill, East",1
"Arifiye, Sakarya",1
"Alamo, CA",1
"Blackhawk, CA",1
"Pleasant Hill, CA",1
Cole Coffee,1
"Santiago del Teide, Spanien",1
"Fairview, CA",1
"Livermore, CA",1
"München, Deutschland",1
"Daly City, CA",1
"Contra Costa Centre, CA",1
"Sankhol, India",1
"Westbrook, ME",1
"Corsicana, TX",1
"Millbrae, CA",1
"Bedworth, England",1
"Strathmore, Alberta",1
"Heyrod, England",1
"Stanford, CA",1
"University Park, TX",1
"Mountain View, CA",1
"Auriébat, France",1
"Prats de Lluçanès, Espanya",1
"Hermosillo, Sonora",1
"Castleton-on-Hudson, NY",1
"Curry Rivel, England",1
"Vallejo, CA",1
United Nations,1
"Bellflower, CA",1
"North Brunswick, NJ",1
"Marietta, GA",1
"Crowle, England",1
"View Royal, British Columbia",1
"England, United Kingdom",1
"Watertown, CT",1
"Windsor, Ontario",1
"San Juan, Argentina",1
"Klamath Falls, OR",1
"Sainte-Agathe-des-Monts, Québec",1
"West Hartford, CT",1
"Norwalk, CT",1
"Van Buren, OH",1
"Mundelein, IL",1
"Martinez, CA",1
"Cerro Colorado, Peru",1
"High Point, NC",1
"Lewiston, NY",1
"Nannilam, India",1
"Glasgow, KY",1
"East Point, GA",1
"Hawaiian Gardens, CA",1
"Grandview Heights, OH",1
Ottawa - Gatineau,1
"Dexter, MO",1
"Brookland, AR",1
"Paragould, AR",1
"Collierville, TN",1
"Chandler, AZ",1
"Farmington, MO",1
"Beverly Hills, CA",1
"Mission Bend, TX",1
"Bowling Green, KY",1
"Oliver, British Columbia",1
"The Village, OK",1
Federated States of Micronesia,1
"Glendale, MO",1
"Arlington, TX",1
"Richardson, TX",1
"Lewisville, NC",1
"Marshall, MO",1
"Town and Country, MO",1
"Southglenn, CO",1
"Plateau, Nigeria",1
"Moss Bluff, LA",1
"North-East Region, Singapore",1
"Alkmaar, Nederland",1
"MacArthur, WV",1
"Oberrieden, Schweiz",1
"Bloemfontein, South Africa",1
"Tibshelf, England",1
"Fawley, England",1
"Stroud, England",1
Burundi,1
"Imus, Calabarzon",1
HMS Belfast,1
"Taplow, South East",1
"Marbella, Spain",1
"Amrapali Sapphire, Noida",1
"Fairwood, WA",1
"Lynn Haven, FL",1
"Groveton, VA",1
"New Brunswick, NJ",1
"Oban, Scotland",1
"Rocky River, OH",1
"Penzance, England",1
"West Mersea, England",1
Lava Centre,1
"Kaohsiung City, Taiwan",1
"Nyack, NY",1
"Stocksbridge, England",1
"Lake Mary, FL",1
"St Charles, MO",1
"Falmouth, MA",1
"Wakefield, England",1
"East Northport, NY",1
"Gulfport, MS",1
"Kingston, RI",1
"Aurora, Ontario",1
"Moscow, ID",1
"Gatehouse of Fleet, Scotland",1
"Montara, CA",1
"Άργος Ορεστικό, Ελλάς",1
Turkmenistan,1
Aliabad Town,1
"Renfrew, Ontario",1
"Panaji, India",1
Vetsikko,1
Edmonton Convention Centre,1
The Westin Kansas City at Crown Center,1
"Brookhaven, GA",1
"Salisbury, NY",1
"Hayti, MO",1
Dutch Bros. Coffee,1
"Correggio, Emilia Romagna",1
"Burlington, NJ",1
"Mangalore, India",1
"Karanjia, India",1
"La Higuera, Chile",1
"Carteret, NJ",1
"Odivelas, Portugal",1
"Mebane, NC",1
"Stratford, CT",1
"Soldotna, AK",1
"กาญจนบุรี, ประเทศไทย",1
"Hartford, CT",1
Flood Brook Union School,1
"Selsey, England",1
"Orion, MI",1
Armenia,1
"Levittown, PA",1
"Cottage Lake, WA",1
"Cantley, Québec",1
"Richmond Heights, MO",1
West Vancouver Secondary School,1
Royal Mart,1
"Seminole, FL",1
"Niles, OH",1
"Oldham, England",1
"Alderwood Manor, WA",1
"Ridgefield, CT",1
Solomon Islands,1
"Santiago Papasquiaro, Durango",1
"Crawley, South East",1
"Westwood, MI",1
"Paramythia, Greece",1
"Prince Albert, Saskatchewan",1
"Plymouth, MA",1
"Bay Village, OH",1
"Grosse Pointe, MI",1
"Tracy, CA",1
"Watulimo, Indonesia",1
"Nowra - Bomaderry, New South Wales",1
"Pomona, CA",1
Land of Sky Regional Council,1
"McDonald, PA",1
Japanese American National Museum,1
"Kings Point, FL",1
"Notre Dame, IN",1
"Coventry, RI",1
"Stapleford, England",1
"Indianola, IA",1
"San Carlos, CA",1
"Whickham, England",1
"Channelview, TX",1
"Lake Morton-Berrydale, WA",1
"Lockport, NY",1
"Margate, FL",1
"Lake Geneva, WI",1
"Vododara, India",1
"Montclair, VA",1
"Chattanooga, TN",1
"Holtville, CA",1
"Manzanillo, Colima",1
"Timbó, Brasil",1
"Sauk Centre, MN",1
"Port Moody, British Columbia",1
"Tsawwassen, British Columbia",1
"Mansfield, TX",1
"Utica, NY",1
"Veradale, WA",1
"Hastings, England",1
"कोलकाता, भारत",1
"Greifswald, Deutschland",1
"Brno, Česká republika",1
"Hallow, England",1
"Utrecht, The Netherlands",1
"Espoo, Suomi",1
"Bayelsa, Nigeria",1
"Ongole, India",1
"Heidelberg, Germany",1
"Banga, Western Visayas",1
"Trivandrum, India",1
Cresta Oasis Hotel,1
"Blackpool, England",1
"Tebrau, Johor",1
Academiënpaleis / Palais des Académies,1
"West Seneca, NY",1
"Inverness, Scotland",1
Klimahuset,1
Mwana Arafa Gardens,1
"Takoma Park, MD",1
"Tokushima-ken, Japan",1
"Erzurum, Türkiye",1
"Scottsboro, AL",1
"Fayetteville, NY",1
"Milton, GA",1
"Mount Vernon, NY",1
"Atatürk, Erzurum",1
"Pinellas Park, FL",1
Rasaganga,1
"North Lakhimpur, India",1
"Nashik, India",1
"Giddings, TX",1
"New York, NY",1
"Mabalacat, Central Luzon",1
"Barrington, RI",1
"La Rippe, Suisse",1
"Alondra Park, CA",1
"Pumphrey, MD",1
"Wickford, East",1
"Bandon, OR",1
"Garner, NC",1
Jacob K. Javits Federal Building,1
"Dumbarton, Scotland",1
"Redland, MD",1
"Chatham-Kent, Ontario",1
"Merriott, England",1
"Temescal Valley, CA",1
"Concord, NH",1
"Benin-City, Nigeria",1
"New Bern, NC",1
"Greenfield, MA",1
"Hendersonville, TN",1
"Mar del Plata, Argentina",1
Musée du Louvre,1
"Bristol, PA",1
"Cambridge Bay, Nunavut",1
"Golden Valley, MN",1
"Waltham, MA",1
"Altamonte Springs, FL",1
"Yeonsu-gu, Republic of Korea",1
"Columbia Heights, MN",1
"Kennesaw, GA",1
"Biscayne Park, FL",1
Jammu & Kashmir,1
"Holbeach Hurn, England",1
"Georgetown, TX",1
"Highland, CA",1
"Ceriale, Liguria",1
"Bogor Barat, Indonesia",1
"Castletown, Isle of Man",1
"Cobham, South East",1
"Bayview, CA",1
"Deerfield, IL",1
"Summit Park, UT",1
"Rio de Janeiro, Brasil",1
"North Bend, OR",1
"Penticton, British Columbia",1
"Newnan, GA",1
"Dahlonega, GA",1
"Milngavie, Scotland",1
"Woking, South East",1
"Gainesville, FL",1
"Arlington Heights, IL",1
"Melvisharam, India",1
"Dunedin, FL",1
"राजस्थान, भारत",1
"Lake Zurich, IL",1
"River Forest, IL",1
"Sanchor, India",1
"Hinsdale, IL",1
"Tofino, British Columbia",1
White Plains Senior High School,1
"Soroti, Uganda",1
"West St Paul, MN",1
"Missoula, MT",1
"Piscataway, NJ",1
"Rogers, AR",1
"Palatine, IL",1
"Rosenberg, TX",1
"Galt, CA",1
"Eastbourne, England",1
"Koganei-shi, Tokyo",1
"Shinagawa-ku, Tokyo",1
"Setagaya-ku, Tokyo",1
"Chase, British Columbia",1
岩手 大船渡市,1
埼玉 鴻巣市,1
"Bonita, CA",1
"Wolfdale, PA",1
"Niiza-shi, Saitama",1
"Carlisle, PA",1
埼玉 和光市,1
"Hanna, Alberta",1
"Capital F, British Columbia",1
"Melipilla, Chile",1
"Aberdeen, Saskatchewan",1
"Tanger - Tétouan, Royaume du Maroc",1
"Murillo, Colombia",1
"Atascocita, TX",1
"Sanford, FL",1
Oyo Hotel & Casino,1
"Ohio, PA",1
"McKinney, TX",1
Paradise Rock Club,1
"Toluca, México",1
"Barry, Wales",1
Canada,1
Kenya,1
"Hanford, CA",1
"Kottayam, India",1
"Carolina Shores, NC",1
"Livorno, Toscana",1
"Ashanti, Ghana",1
"Kempton Park, South Africa",1
"West Jordan, UT",1
"Johnston, IA",1
"Samsun, Türkiye",1
"Hämeenlinna, Suomi",1
"North Region, Singapore",1
Four Seasons Hotel Bahrain Bay,1
"Fountain Valley, CA",1
"Shilong , Meghalya",1
"Walton, England",1
"Amritsar, India",1
"Assam, India",1
"Potchefstroom, South Africa",1
"Krugersdorp, South Africa",1
"Pulicat, India",1
"Prague, Czech Republic",1
Napalayam,1
福岡 福岡市 中央区,1
"Newark, DE",1
"Amsterdam, The Netherlands",1
"Newman, Western Australia",1
Zagrebačka katedrala | Cathedral,1
"Ganganagar, India",1
"Ho Chi Minh, Vietnam",1
"Lewes, England",1
"Dursley, England",1
Philippi Village,1
"Orihuela, Spain",1
Kalimangso Street,1
"Kiruna, Sverige",1
"Temple, TX",1
"Sant Carles de la Ràpita, España",1
"Rio Negrinho, Brasil",1
"Ruiru, Kenya",1
Shell,1
"Nowy Dwór Mazowiecki, Polska",1
"Shelbyville, IN",1
"Kovvur, India",1
"Wien, Österreich",1
"Tamana-shi, Kumamoto",1
"Ullal, India",1
Azerbaïdjan,1
"Milltimber, Scotland",1
"North Riverside, IL",1
"Earlston, Scotland",1
St. Mark's Square,1
"Hanover, Germany",1
"Vienna, Austria",1
"Makindu, Kenya",1
"Palm Beach Gardens, FL",1
"Cwmbran, Wales",1
"Shelburne, Ontario",1
"Cuddalore, India",1
"Kebayoran Baru, Indonesia",1
"Newry, Northern Ireland",1
"Temecula, CA",1
"Addingham, England",1
"La Vergne, TN",1
"Volta, Ghana",1
"Distrito Federal, México",1
Biju Patnaik International Airport (BBI),1
"North Gate, CA",1
"University Place, WA",1
"Burbank, CA",1
"Hawthorne, NY",1
"Sandhurst, South East",1
"Clifton, England",1
"Bowen Island, British Columbia",1
"Lakeland Heights, TX",1
"Hemet, CA",1
St Mary's Kerrisdale Church,1
"Wasaga Beach, Ontario",1
"Mérida, España",1
"Olmsted Falls, OH",1
"Apple Valley, CA",1
"Moncton, New Brunswick",1
"Yonkers, NY",1
"Bourne, England",1
Pecan Grove Park,1
"Dubuque, IA",1
"Sharon, PA",1
"Tartu, Eesti",1
"Manifold, PA",1
"Forres, Scotland",1
"Hightstown, NJ",1
"Lisburn, Northern Ireland",1
"San Bartolomé de Tirajana, Spain",1
Cottonwood Canyon,1
"Alden, NY",1
"Anniviers, Switzerland",1
Turf Moor,1
FM Identidad,1
"Marblehead, MA",1
"Cluj-Napoca, România",1
"Noblesville, IN",1
"New Rochelle, NY",1
"Florida Ridge, FL",1
"Louveira, Brasil",1
"Robesonia, PA",1
"Windsor, Nova Scotia",1
Sumas,1
"Ponteland, England",1
Rogers Arena,1
"Des Moines, WA",1
"East Haven, CT",1
"Moneglia, Liguria",1
"Barrie, Ontario",1
"Wayne, MI",1
"Costa Mesa, CA",1
"Tuguegarao City, Cagayan Valley",1
"Port Charlotte, FL",1
"Matthews, NC",1
"Washington, MO",1
"Cambridge, Ontario",1
"Blacksburg, VA",1
"Walpole, MA",1
"Lonavala, India",1
"Island Walk, FL",1
"Carlsbad, CA",1
"Monticello, LA",1
Paramakudi,1
"Oxford, OH",1
"Huachupampa, Peru",1
"Panchkula, India",1
Dindigul Thalappakatti,1
"Taylorsville, UT",1
"Lakeside, VA",1
"New Berrima, New South Wales",1
"Christchurch City, New Zealand",1
"East Brainerd, TN",1
"Basingstoke, England",1
"Breaston, England",1
"Kalyan Dombivali, India",1
"Eskişehir, Türkiye",1
"Knottingley, England",1
Addo Elephant Park Restaurant,1
Brandhall Golf Course,1
"Durban, South Africa",1
"Dordon, England",1
"Federal Capital Territory, Nigeria",1
"Bakersfield, CA",1
"Wrightwood, CA",1
"Rotonda, FL",1
"Pessano con Bornago, Lombardia",1
"Woodbridge, England",1
"Lebanon, VA",1
"Mandya, India",1
"Gudiyattam, India",1
"Tewkesbury, England",1
"Sherborn, MA",1
"Cheltenham, England",1
Tirupati,1
"Mount Juliet, TN",1
Department of the Taoiseach / Roinn an Taoisigh,1
"Aveiro, Portugal",1
"College, AK",1
"Eyrans, France",1
"Kelvedon, East",1
"Punganuru, India",1
"Condorrat, Scotland",1
"Lakewood, WA",1
"Hidalgo, TX",1
"Brackenfell, South Africa",1
"Sooke, British Columbia",1
"Gandhinagar, India",1
"Iligan City, Northern Mindanao",1
"Urapakkam, India",1
"East Kootenay C, British Columbia",1
"Vilnius, Lithuania",1
"Lakeland, FL",1
Five Guys,1
"Rajkot, India",1
"Amesbury, England",1
"Guayanilla, Puerto Rico",1
"Luton, England",1
"Dunkirk, MD",1
"Vosloorus, South Africa",1
"Weston-super-Mare, England",1
"Coldwater, OH",1
"Sint-Lambrechts-Woluwe, België",1
"Etimesgut, Türkiye",1
Pakistan,1
"Port Isabel, TX",1
"Sunshine Coast F, British Columbia",1
"Boucherville, Québec",1
"Merrimack, NH",1
"Mission Bay, FL",1
"Portarlington, Victoria",1
"Sylvan Lake, Alberta",1
"Santa Cruz, CA",1
"Tumwater, WA",1
"La Plata, Argentina",1
"Nice, France",1
"Zaanstad, Nederland",1
"La Crosse, WI",1
"Niš, Srbija",1
"Queanbeyan, New South Wales",1
"Savannah, GA",1
"Newtownabbey, Northern Ireland",1
"Naperville, IL",1
"Fairview, NY",1
"Lawndale, CA",1
"Plainfield, IL",1
"Brock, Ontario",1
"Belgrade, Republic of Serbia",1
SMUD Museum of Science and Curiosity (MOSAC),1
"Miramar, FL",1
"Bedford, MA",1
"McLean, VA",1
"Upper Grand Lagoon, FL",1
"McKillop No. 220, Saskatchewan",1
"Youngstown, OH",1
칼국수 Seoul,1
"Medford, OR",1
"Itapema, Brasil",1
"Whitehorse, Yukon",1
"Woolwich, Ontario",1
"Quinte West, Ontario",1
"King of Prussia, PA",1
"Pondokgede, Indonesia",1
Vellore,1
Christmas Corner,1
"Guadalajara, Jalisco",1
"Clitheroe, England",1
"Sabana Llana Norte, Puerto Rico",1
"Santiago, Dominican Republic",1
"Sintra, Portugal",1
"Villa Montellano, Dominican Republic",1
"Mthatha, South Africa",1
"Kiama, New South Wales",1
"Krakow, Poland",1
"Chunar, India",1
"Devizes, England",1
"Santa-Cruz de Ténérife, Iles Canaries",1
"อ.แม่สาย, จ.เชียงราย",1
"Thane, India",1
"Saragossa, Spain",1
"Winchester, England",1
"Valencia, NM",1
"Sekondi Takoradi, Ghana",1
"Charlestown Beach, RI",1
"Atlantic Beach, FL",1
"Schriever, LA",1
"Arua, Uganda",1
"Polokwane, South Africa",1
"Buckeye, AZ",1
"East Kilbride, Scotland",1
"Lévis, Québec",1
"Kinston, NC",1
"Daytona Beach, FL",1
"Shawnee, OK",1
"Niskayuna, NY",1
"Shrewsbury, MA",1
JF Prime Function Hall,1
"Gardere, LA",1
"North Grenville, Ontario",1
"Denton, TX",1
"Ely, England",1
"Milton Hill, England",1
"Hoover, AL",1
"Colonia, NJ",1
"Clearlake Oaks, CA",1
"Alresford, England",1
"Stratford, London",1
"Old Laxey, Isle of Man",1
"Brandon, Manitoba",1
"East Luther Grand Valley, Ontario",1
"Colliston, Scotland",1
"Wigan, England",1
"Neenah, WI",1
"Auburn, AL",1
"Dublin, OH",1
Cafe Mogador,1
"Poway, CA",1
"Kinghorn, Scotland",1
"Grove City, OH",1
"Mount Pleasant, SC",1
"Oak Hill, WV",1
"Depew, NY",1
"Maldonado, Uruguay",1
"Dorval, Québec",1
"Beaumont, Alberta",1
"Scottdale, GA",1
"De Soto, MO",1
"Brentwood, Los Angeles",1
"Winterbourne, England",1
"Montabaur, Germany",1
"Carrollwood, FL",1
"Windber, PA",1
"Northampton, PA",1
"Austintown, OH",1
"Dayton, NV",1
"Lake Bluff, IL",1
"Manila City, National Capital Region",1
"Grovetown, GA",1
"Flossmoor, IL",1
"Al Jahra, Kuwait",1
"Santa Clarita, CA",1
"White City, OR",1
HDFC Bank ATM,1
"Kyūshū, Miyazaki",1
"South Snyderville Basin, UT",1
宮城 名取市,1
"Allapur, India",1
"Florence, SC",1
"Brampton, Ontario",1
"Manitowoc, WI",1
"Hokes Bluff, AL",1
Ambassador ****,1
"Rustenburg, South Africa",1
"Oshawa, Ontario",1
"Vestavia Hills, AL",1
"Woodland, CA",1
"Wedderburn, Victoria",1
"Belgrade, MT",1
Mali,1
"Welcome, SC",1
"Bel-Ridge, MO",1
"Machakos, Kenya",1
"University Park, FL",1
"West Pleasant View, CO",1
"Milpitas, CA",1
"Monopoli, Puglia",1
"Steeton, England",1
"Sausalito, CA",1
"Port Alberni, British Columbia",1
"Petaling, Wilayah Persekutuan Kuala Lumpur",1
Virgin Atlantic Clubhouse,1
"Kabete, Kenya",1
"Cape Coast, Ghana",1
"South Burlington, VT",1
"Twyford, England",1
"Widnes, England",1
"Signy-Avenex, Suisse",1
"Cottenham, England",1
"Umlazi, South Africa",1
"Eagan, MN",1
"Bexley, OH",1
"Hulu Kinta, Perak",1
"Stoke-on-Trent, England",1
"Warsaw, Poland",1
"Santa Cruz, Ecuador",1
"Wylie, TX",1
Sheesh Mahal,1
Sardar Patel Stadium Navrangpura,1
"Wassenaar, Nederland",1
"Grand Junction, CO",1
"Creve Coeur, MO",1
Coffman Memorial Union,1
"Queensferry, Scotland",1
London South Bank University,1
"Aledo, TX",1
"Baldock, England",1
"Brentwood, CA",1
"Brussel, België",1
"Horwich, England",1
"Lisbon, Portugal",1
"Issaquah, WA",1
"Paradise Valley, AZ",1
"Mejia, Ecuador",1
"Thames Centre, Ontario",1
"Westminster, CA",1
"Long Beach, NY",1
"Devon 30, New Brunswick",1
"Ampang, Wilayah Persekutuan Kuala Lumpur",1
"Etterbeek, België",1
Liverpool Town Hall,1
"Austin, MN",1
"Seward, NE",1
"Lake Shore, MD",1
"Royal Tunbridge Wells, England",1
"Doctor Phillips, FL",1
"Santa Maria, CA",1
"Pontefract, England",1
"Hasbrouck Heights, NJ",1
"Jupiter, FL",1
"Scotch Plains, NJ",1
"Hevlín, Česká republika",1
"Panama City Beach, FL",1
"Chesham, South East",1
"Mount Pleasant, Calgary",1
"Antigonish, Nova Scotia",1
"Camborne, England",1
"Saffron Walden, East",1
"Centereach, NY",1
Parliament of Canada - West Block,1
"Fort Point, Boston",1
"Sidoarjo, Indonesia",1
"Fish Hawk, FL",1
"Sandy Springs, GA",1
"Golden, British Columbia",1
"Beachmere, Queensland",1
"Leesburg, VA",1
"Mequon, WI",1
"Leavenworth, KS",1
Aruba,1
"Jupiter Island, FL",1
"Musqueam 2, British Columbia",1
"Gen. Santos City, Soccsksargen",1
"River Ridge, LA",1
"Taichung City, Taiwan",1
"Augusta, ME",1
"Blandon, PA",1
"Oak Creek, AZ",1
"Coldstream Homestead Montebello, Baltimore",1
"Vaughan, Ontario",1
"Busia, Kenya",1
"Whitby, Ontario",1
ICC Tech Tower,1
"Ovalle, Chile",1
"Peru, IL",1
Institute of Management Sciences,1
"Crestwood Village, NJ",1
"West Bengal, India",1
"Rau, India",1
"Sainte-Foy-lès-Lyon, France",1
"Bongaigaon Refinery, India",1
"Dasman, Kuwait",1
"Goondiwindi, Queensland",1
"Hagley, England",1
"Mono Vista, CA",1
"Klerksdorp, South Africa",1
"Bay Pines, FL",1
"Kilmarnock, Scotland",1
"Dalgety Bay, Scotland",1
"Mark, Sverige",1
United Kingdom,1
"Rushworth, Victoria",1
"Chiayi County, Taiwan",1
"新北市, 台灣",1
Victoria Hall,1
"Carcassonne, France",1
"Kuah, Kedah",1
"Østre Toten, Norge",1
"Cuyahoga Falls, OH",1
"Leduc County, Alberta",1
"Surin, Thailand",1
"Marshfield, England",1
"Newark, NJ",1
"Market Drayton, England",1
"Jordan, MN",1
Hotel Parktonian,1
"Garden City, SC",1
"Poquoson, VA",1
"Mocoa, Colombia",1
"Isiolo, Kenya",1
Sewickley Heights,1
"Crowborough, England",1
"Hingham, MA",1
"Scottsville, KY",1
"Layton, UT",1
"Cinco Ranch, TX",1
"Kernersville, NC",1
"Georgetown, KY",1
"The Woodlands, TX",1
"Oakton, VA",1
"Andover, England",1
"Kirkland Lake, Ontario",1
"Gjoa Haven, Nunavut",1
"Belper, England",1
"Belgaum, India",1
"Northbrook, IL",1
"Dobbs Ferry, NY",1
"Kielce, Poland",1
"Copperbelt, Zambia",1
"Fountain 11, British Columbia",1
"Daphne, AL",1
Johnny Cash House,1
"Marlow, South East",1
"Winter Garden, FL",1
"Waterford, MI",1
"Kegworth, England",1
"Mamaroneck, NY",1
"Crestline, CA",1
"West End, Vancouver",1
"Dornoch, Scotland",1
"Sun City Center, FL",1
"Easley, SC",1
"Ashton-under-Lyne, England",1
"Commerce City, CO",1
"Mooresville, NC",1
"Deeping Saint James, England",1
"Starkville, MS",1
Universidad Autónoma de Madrid (UAM),1
"Sør-Varanger, Norge",1
"Shrewsbury, England",1
"Waynesboro, VA",1
"La Victoria, Venezuela",1
"Glen Allen, VA",1
"Wellington, South Africa",1
"Lecce, Puglia",1
"Ambler, PA",1
"Swindon, England",1
"Margate, England",1
"Braga, Portugal",1
"San Tan Valley, AZ",1
"Exminster, England",1
"Dunbar, WV",1
"Dumfries, Scotland",1
New Zealand,1
"Chelmsford, East",1
"Shepherdstown, WV",1
"Knaresborough, England",1
"Fleetwood, England",1
"Camelsdale, England",1
"Oakdale, Wales",1
Linville Land Harbor,1
"Concepción, Chile",1
"Hook, England",1
"San Pasqual, Escondido",1
"Preston, England",1
"Brentwood, TN",1
GLP Nürburgring Nordschleife,1
"La Verkin, UT",1
"Vorst, België",1
"Guayabo, Puerto Rico",1
"Waukee, IA",1
"Mulloon, New South Wales",1
"Ontario, OR",1
"San jose de quero, Peru",1
"Gangtok, India",1
"San Esteban, Chile",1
"La Mirada, CA",1
"Narok, Kenya",1
Fashion Town Shop,1
"Universal City, TX",1
"Watsonville, CA",1
"Farnborough, South East",1
"Wooster, OH",1
"Westville, South Africa",1
"Thanjavur, India",1
"Patna, India",1
"Guánica, Puerto Rico",1
"Hässleholm, Sverige",1
RTO Pondicherry,1
"Tamworth, New South Wales",1
"Rockville, MD",1
"Dewas, India",1
"Brahmapur, India",1
"Hisar, India",1
"Nanaimo B, British Columbia",1
"Mudhol, India",1
"Marlborough, CT",1
"Sierra Madre, CA",1
"Bihar, India",1
"Municipality of Monroeville, PA",1
"Bishop's Waltham, England",1
Silver Springs Hotel,1
"Oulton, England",1
"Marske-by-the-Sea, England",1
"Conception Bay South, Newfoundland and Labrador",1
"Wells Branch, TX",1
"Coffs Harbour, New South Wales",1
"Hiroshima City Nishi Ward, Hiroshima",1
"Belanja, Perak",1
Faculdade de Letras da Universidade de Coimbra,1
"Cavan-Monaghan, Ontario",1
"Châteauroux, France",1
"Mukono, Uganda",1
Palazzo Colonna,1
"Bodø, Norge",1
"el Prat de Llobregat, Espanya",1
"Channel-Port aux Basques, Newfoundland and Labrador",1
"Pointe-Noire, Congo",1
"Lambton Shores, Ontario",1
"Rotterdam, Nederland",1
"Spalding, England",1
"Syracuse, NY",1
Slovak Republic,1
"Mabopane, South Africa",1
"Dhenkanal, India",1
"Southbourne, England",1
"Clarksville, IN",1
"Amphoe Phutthamonthon, Nakhon Pathom Province",1
"Puerto Vallarta, Jalisco",1
"North Dumfries, Ontario",1
"Troon, Scotland",1
North Park Cleaners,1
"Калининград, Россия",1
"Wilmot, Ontario",1
"Visalia, CA",1
"Hugh Town, England",1
"Clovis, NM",1
"Bungoma, Kenya",1
"Maple Ridge, British Columbia",1
"Guntur, India",1
"Houston, MS",1
"Germiston, South Africa",1
"Amherst, MA",1
"Clover Creek, WA",1
"Pine Lake Park, NJ",1
"Dehradun, India",1
"New Carrollton, MD",1
"Naguabo, Puerto Rico",1
"Windsor, South East",1
"Kenwood, OH",1
"Ramona, CA",1
"Blackfoot, ID",1
"Barking, London",1
"West Nipissing / Nipissing Ouest, Ontario",1
"Buckhall, VA",1
"Shorewood, WI",1
"Lake Magdalene, FL",1
"Moe - Newborough, Victoria",1
"Laramie, WY",1
"Edenbridge, South East",1
"Wigton, England",1
"Willingdon, England",1
"Kalispell, MT",1
"Newbury, England",1
"Athabasca County, Alberta",1
"North Haven, CT",1
"Skokie, IL",1
"Dudley, England",1
"St. Thomas, Ontario",1
"Marion, SC",1
Duddingston Primary School,1
"Deadwood, SD",1
"Penneshaw, South Australia",1
"Catskill, NY",1
"Clarington, Ontario",1
UNSOC - United Nations Society Office,1
United Nations cab  #afirmitiveaction,1
"Whitefish Bay, WI",1
"Cahaba Heights, AL",1
Cassillis,1
"Orissa, India",1
"Seven Springs, FL",1
moulvibazar,1
"Kalyani, India",1
Chapor,1
"Shillong, India",1
"Belonia, India",1
"Portimão, Portugal",1
"Redhill, South East",1
"University of Sussex, England",1
"Karimganj, India",1
"Weddington, NC",1
"Comilla, Bangladesh",1
"Bidhan Nagar, India",1
The Smokestack Diner,1
"Buena Vista, WI",1
"Esbjerg, Danmark",1
Lochan Tea Limited,1
"Siesta Key, FL",1
"Eden Prairie, MN",1
"Quirindi, New South Wales",1
"Strathroy-Caradoc, Ontario",1
"Nagoya-shi Higashi-ku, Aichi",1
"League City, TX",1
"Allahabad, India",1
"Piedecuesta, Colombia",1
"Bongaigaon, India",1
"Horizon City, TX",1
"Delhi, India",1
"Quebradas, Puerto Rico",1
"Belmont, MI",1
"Taunton, England",1
"Derby, England",1
"Horley, South East",1
"Coram, NY",1
"Tasman District, New Zealand",1
"Whitfield, England",1
Pont de Malay,1
"Sukkur, Pakistan",1
Naharlagun,1
"Sandakan, Sabah",1
Lesotho,1
Luxembourg,1
the gambia,1
"Arusha, Tanzania",1
Northwoods Mall,1
"Denbigh, Wales",1
"Hilton, England",1
Ness Islands,1
"Venice, Veneto",1
"Solidaridad, Quintana Roo",1
"Weedon Bec, England",1
"Chesapeake, VA",1
"Phuthaditjhaba, South Africa",1
"Westerly, RI",1
"Morganton, NC",1
"Slough, South East",1
"Indianola, MS",1
"Totnes, England",1
"Gibsonton, FL",1
Cedarglen Gate,1
"Dalhousie, New Brunswick",1
"Georgina, Ontario",1
"Tezpur, India",1
"Murrieta, CA",1
"Bingil Bay, Queensland",1
"Brighton, NY",1
"Newington, England",1
"Hailey, ID",1
"Wallasey, England",1
"Blaydon, England",1
"Hillsboro, OR",1
"Ryde, England",1
"Havre de Grace, MD",1
"Ullensaker, Norge",1
"Munster, IN",1
"Frogn, Norge",1
"Blytheville, AR",1
"Coldstream, British Columbia",1
"West Fargo, ND",1
"Metairie, LA",1
"Menstrie, Scotland",1
"Lyme Regis, England",1
Gilroy Premium Outlets,1
"Whittier, CA",1
"Vancouver, WA",1
"Paderborn, Germany",1
"La Canada Flintridge, CA",1
"St Augustine, FL",1
"Drakewalls, England",1
"Park City, UT",1
"Westlake Village, CA",1
"Brushy Creek, TX",1
"Sittingbourne, England",1
"Okemos, MI",1
"Γαστούνη, Ελλάς",1
"Affton, MO",1
The Art Studio Of David Paul Kay,1
"San Mateo, CA",1
"Kincraig, Scotland",1
"Nebraska, USA",1
"Bayston Hill, England",1
"Darnestown, MD",1
"Mammoth Lakes, CA",1
"Ely, IA",1
"Pocklington, England",1
"Pendleton, IN",1
"Mount Beauty - Tawonga South, Victoria",1
"Merthyr Tydfil, Wales",1
"Duluth, MN",1
"Harvey, LA",1
"Berea, KY",1
"Ellesmere Port, England",1
"Dubbo, New South Wales",1
"Fairbanks, AK",1
"Indian Hills, NV",1
"La Quinta, CA",1
"Pacoima, Los Angeles",1
"Red Deer County, Alberta",1
"Claremont, CA",1
"Charlottesville, VA",1
"Ionia, MI",1
"Mityana, Uganda",1
"Phra Khanong Nuea, Thailand",1
Nemilicherry RS,1
"Peabody, MA",1
"Phagwara, India",1
"Otorohanga District, New Zealand",1
"North Dakota, USA",1
Kelambakkam,1
Indreni Foodland,1
"Hay, New South Wales",1
Baneshwar,1
"Pasadena, TX",1
shrine Of Sachal Sarmast,1
"Zillah, WA",1
"Snohomish, WA",1
Albanie,1
"Greta, New South Wales",1
"Alligator Creek, Queensland",1
"Castelvetro di Modena, Emilia Romagna",1
"Downey, CA",1
"Yaroslavl, Russia",1
"Tanjong Sembrong, Johor",1
"Thiba, Kenya",1
"Randers, Danmark",1
"Thompson's Station, TN",1
"台中市, 台灣",1
"Carlisle, England",1
"Elvas, Portugal",1
"Gloucester, England",1
"Embsay, England",1
Narayanapuram lake,1
"Kobe City Nada Ward, Hyogo",1
"Hessle, England",1
"Wollongong, New South Wales",1
"Potsdam, Germany",1
"खतौली, भारत",1
"Normanton, England",1
"Harrow, London",1
"Barwick, England",1
"Toro Canyon, CA",1
"Kassel, Deutschland",1
"พระโขนง, ประเทศไทย",1
"New Port Richey, FL",1
"Augusta, GA",1
"Berkeley, IL",1
"Bishop's Falls, Newfoundland and Labrador",1
"Ngong, Kenya",1
"Rome, GA",1
"East Longmeadow, MA",1
"Waterbury, CT",1
Double Tank,1
"Benoni, South Africa",1
"Queenstown-Lakes District, New Zealand",1
"Azusa, CA",1
"Sherrelwood, CO",1
"Essa, Ontario",1
"Burnham, South East",1
"Shobdon, England",1
"South Hill, WA",1
"Spring Lake Heights, NJ",1
Watermead Lake,1
"Mountain Park, GA",1
"Tiruchirapalli, India",1
"Tarleton, England",1
"Montville, CT",1
"Tahoe Vista, CA",1
"Wenatchee, WA",1
"Viluppuram, India",1
"Gisborne District, New Zealand",1
"Ballymena, Northern Ireland",1
"Padre Las Casas, Chile",1
"Fairport Harbor, OH",1
"Inglewood, CA",1
"Wood Buffalo, Alberta",1
Bahrain,1
"Pelham, AL",1
"Hoyo de Manzanares, España",1
"Riverdale Park, MD",1
"Birch Bay, WA",1
"Okanagan-Similkameen H, British Columbia",1
"Bethalto, IL",1
"East Hill-Meridian, WA",1
"Vulbens, France",1
"Lafleche, Saskatchewan",1
"Port Lincoln, South Australia",1
"Dover, NH",1
"Folsom, CA",1
"Amarillo, TX",1
"Mount Holly, NJ",1
"Waverly, MI",1
"Thatcham, England",1
"Aberystwyth, Wales",1
"Worth, IL",1
"Circleville, OH",1
"Camano, WA",1
"Powell, TN",1
"Farmington, UT",1
"East Nusa Tenggara, Indonesia",1
"Wellesley, MA",1
"San Jacinto, CA",1
"Windham, OH",1
"Milano, Lombardia",1
"Geelong, Victoria",1
"Marikina City, National Capital Region",1
"Almería, España",1
"Poinciana, FL",1
"Sriperumbudur, India",1
"Alméria, Espagne",1
"Port Orange, FL",1
"Volta Redonda, Brasil",1
"Murfreesboro, TN",1
"Walcha, New South Wales",1
Anjappar Chettinad Restaurant,1
"Jackson, MN",1
"Nishikatsura-cho, Yamanashi",1
"Littleton Common, MA",1
"Delémont, Switzerland",1
"Varanasi, India",1
"Lima, Peru",1
"Miraflores, Peru",1
"Ate, Peru",1
"Bay Of Plenty, Opotiki District",1
"Drysdale - Clifton Springs, Victoria",1
"Miles, Queensland",1
"Maassluis, Nederland",1
"Perchas, Puerto Rico",1
"Milnerton, South Africa",1
"Bang Na, Thailand",1
"Noorpur, India",1
"Donostia-San Sebastián, Spain",1
"Penicuik, Scotland",1
"Κρανίδι, Ελλάς",1
"Simon Bolivar, Ecuador",1
"Thika, Kenya",1
"Pastaza, Ecuador",1
"Bangsalsari, Indonesia",1
"Bothell, WA",1
"Mansfield, England",1
"Sherborne, England",1
"Raurkela-Panposh, India",1
福岡 福岡市 西区,1
"Tongaat, South Africa",1
"Amble, England",1
Whipperwheel,1
Number One Riverside,1
"Ann Arbor, MI",1
Guyana,1
"Rapid City, SD",1
"Gananoque, Ontario",1
"Scenic Oaks, TX",1
"Troy, MI",1
"Plumsteadville, PA",1
"Paute, Ecuador",1
"Milford, NH",1
"Neuquén, Argentina",1
"Acushnet, MA",1
"Albany, Western Australia",1
dheeran nagar,1
"Cranford, NJ",1
"Valleiry, France",1
"Fountainebleau, FL",1
"Redditch, England",1
"Perth East, Ontario",1
"Riachão do Jacuípe, Brasil",1
"Klosterlechfeld, Deutschland",1
"Damansara, Selangor",1
"Greater Sudbury / Grand Sudbury, Ontario",1
"Kill Devil Hills, NC",1
"Park Layne, OH",1
"Alamosa, CO",1
"Lewiston, ID",1
"Nambour, Queensland",1
"Kiambu, Kenya",1
"Druid Hills, GA",1
"Bethel Park, PA",1
"Sandusky, OH",1
"Fair Oaks, VA",1
"Callao, Peru",1
"Toledo, OH",1
"South Ferriby, England",1
"Yuseong-gu, Republic of Korea",1
"Fowler, CA",1
SoFi Stadium,1
"Pinos Genil, España",1
"Kumananchavadi, Sriperumbudur",1
"Wausau, WI",1
"Magna, UT",1
"Alexandria, MN",1
"Jamnagar, India",1
"Baños De Agua Santa, Ecuador",1
"Cutler Bay, FL",1
"San José, Costa Rica",1
"Farmington, NM",1
"Llandrindod Wells, Wales",1
Sea to Sky Highway,1
"Franconia, VA",1
"Middelburg, The Netherlands",1
"Stillwater, OK",1
"Rosehearty, Scotland",1
"Englewood, FL",1
"Nazaré, Portugal",1
"Kiganjo, Kenya",1
"Des Moines, IA",1
"Tararua District, New Zealand",1
"Indios, Puerto Rico",1
"Aspull, England",1
"Arborfield Garrison, England",1
"Sejong-si, Republic of Korea",1
"Calera, OK",1
"Glendale, WI",1
"Hato Rey Central, Puerto Rico",1
"Kent, WA",1
"Rowlett, TX",1
"Heanor, England",1
"Elmira, NY",1
PetSmart,1
"Canas, Puerto Rico",1
"Billerica, MA",1
"Safety Harbor, FL",1
"Llano Grande, TX",1
Lakhpat Fort,1
"Depok, Indonesia",1
KSBJ Radio,1
"Bay Point, CA",1
"Suffolk Park, New South Wales",1
"St Simons, GA",1
"Anekal Bangaluru, India",1
"San Jose Del Monte, Central Luzon",1
"Blaine, WA",1
"Huntsville, AL",1
"Knightdale, NC",1
"Lillooet, British Columbia",1
"Abiansemal, Indonesia",1
"Wekiwa Springs, FL",1
Kapil Tower,1
"Bhuj, India",1
"Adamov, Česká republika",1
"Edmonds, WA",1
"Gulmarg, Jammu & Kashmir, India",1
"Ulhasnagar, India",1
"Barling, AR",1
"Watford, East",1
"Brownlee Park, MI",1
"Bendigo, Victoria",1
"Queensland, Australia",1
Science Museum,1
"El Paso, Spain",1
"Totland, England",1
"Brynteg, Wales",1
埼玉 川口市,1
"Voorschoten, Nederland",1
"Lake Arbor, MD",1
"Belo Horizonte, Brasil",1
"Elkridge, MD",1
"Franklin, TN",1
"Crestview, FL",1
"Pavia, Lombardia",1
"Thiruppanandal, India",1
"Dent, OH",1
"Wolfville, Nova Scotia",1
"Kilkenny, Ireland",1
"Elk Grove, CA",1
"Tanah Sareal, Indonesia",1
"Orillia, Ontario",1
Garoowe,1
"Niagara-on-the-Lake, Ontario",1
"Pearland, TX",1
"Demre, Türkiye",1
"Aguascalientes, México",1
"Budapest, Magyarország",1
"Hampden, ME",1
"Dindigul, India",1
"Rop Wiang, Thailand",1
"Eltham, London",1
"Killeen, TX",1
"Brattleboro, VT",1
Narok Town- Narok County,1
"Union City, NJ",1
"Lacombe County, Alberta",1
"Marlton, NJ",1
"Legnica, Polska",1
"Onchan, Isle of Man",1
"Santa Ana, CA",1
"Garden City, GA",1
"Elgin, Scotland",1
"Cusco, Peru",1
"Evanston, IL",1
"Banning, CA",1
"Santo Tomas, Calabarzon",1
"Idaho Falls, ID",1
"North Redington Beach, FL",1
"West Freehold, NJ",1
"Cumwhinton, England",1
"Central Otago District, New Zealand",1
"Mountain Ash, Wales",1
St. Stanislaus Kostka,1
"Marsabit, Kenya",1
"Vicenza, Veneto",1
"Crigglestone, England",1
"Kenner, LA",1
"Sowerby, England",1
"Vitória, Brazil",1
"Parkland, FL",1
"Emilia Romagna, Italy",1
"Todmorden, England",1
"Englishtown, NJ",1
Hrvatska,1
"Bayshore, NC",1
DeBoville Slough Trail,1
"Alcobaça, Portugal",1
Governors Island,1
"Stuttgart, Germany",1
"Minersville, PA",1
"Kingsville, TX",1
"Medina, OH",1
"Yanbu Industrial City, Kingdom of Saudi Arabia",1
"Aberdeen, Scotland",1
"Doral, FL",1
"McMinnville, TN",1
"Ollantaytambo, Peru",1
"Makakilo, HI",1
"Four Seasons, MO",1
"Dargin, AL",1
"West Bloomfield Township, MI",1
"Five Points, OH",1
"Kuta, Indonesia",1
"Imbil, Queensland",1
"Sathyamangalam, India",1
"Maplewood, MO",1
"Winter Gardens, CA",1
"Sterling Heights, MI",1
Benchmark Pizzeria,1
University at St. Michael's College,1
"Bhat, Gandhinagar",1
Semmancherry,1
"Manisa Merkez, Manisa",1
"West Sacramento, CA",1
"Scott Cabrillo, Santa Clara",1
"Tanglewilde, WA",1
"Jefferson, VA",1
"Akhisar, Manisa",1
"Imperial Beach, CA",1
"Ilorin, Nigeria",1
"Roodepoort, South Africa",1
"Atherstone, England",1
"Champaign, IL",1
"Montpellier, France",1
"Alert Bay, British Columbia",1
"Dunedin City, New Zealand",1
"Newcastle-under-Lyme, England",1
"Emerald, Queensland",1
Folkhälsan,1
"Puteaux, France",1
"Nellore, India",1
"Central Equatoria, Republic of South Sudan",1
"Gonzalez, FL",1
"Stony Brook, NY",1
"Castlemaine, Victoria",1
The Oval,1
"Marazion, England",1
Pallikarnai Oil Mill (Bus Stop),1
Kolathur,1
"South Australia, Australia",1
"Hamburg, Deutschland",1
"Marburg, Germany",1
"Helsinki, Suomi",1
"Enfield, London",1
"Lincoln, RI",1
"Wall, NJ",1
"Bensalem, PA",1
"San Martín de los Andes, Argentina",1
"SeaTac, WA",1
"Texarkana, TX",1
Bermuda,1
"Stockton-on-Tees, England",1
Muthaiga Suites,1
"Vulcan County, Alberta",1
